AWP,Desalination - Inland,Desalination - Coastal,Major Conservation,Minor Conservation,Agriculture Conservation,Rainwater Harvesting,Cost,Resilience,Feasibility
0.9848764582437839,0.0015605875128237197,0.0008144392374454602,0.005963941167157465,0.009994461414267849,0.008010803008568657,0.6585613026116228,78516291.75320704,3.8077169660310215,3.5797784503425696
0.9848764582437839,0.0015605875128237197,0.0008144392374454602,0.005963941167157465,0.009994461414267849,0.008010803008568657,0.6585613026116228,78516291.75320704,3.8077169660310215,3.5797784503425696
0.7085945176141927,0.9655234176039658,0.0011554678138082624,0.0136153873078763,0.01662635318370693,0.9799831923402433,0.9326785029081839,40116921.23485171,3.5321822266342457,3.1871653430678206
0.04756727535865102,0.003430515283299665,0.000885848026986226,0.007933850918133959,0.004730801440523976,0.0007404663685803975,0.7001137762102849,110053305.26206812,4.8474554854362335,3.0444429871596124
0.0004527433536752881,0.0016694235474653649,0.0009671116569530624,0.006039434184162751,0.9922935061593587,0.007399779354895247,0.9922274538473255,81228178.19662032,4.988878682715078,2.5008382688410595
0.0043097471879182305,0.8724662499597373,0.0010399463959684765,0.8615844219247009,0.9538011101520208,0.4500736185755423,0.9961534477517849,14903848.389491785,4.047985468523397,2.5622304593686405
0.012894706958116564,0.001566019004304595,0.001143741447174474,0.9130481729780194,0.9713367477677248,0.002488110333393391,0.9916243149829229,35634559.14540756,4.671934493056707,2.352948142142774
0.6679189512495727,0.9008802237838125,0.0013779717767736822,0.017557283430506235,0.3376534874686628,0.8963026498788719,0.9387230145976836,36129374.97846908,3.6819342303276272,3.0827914807159744
0.642970893838664,0.9562178756308504,0.0009806519051959463,0.16695491163772602,0.1376328784044663,0.8963026498788719,0.9915152653078012,36565507.52302999,3.623416871776637,3.088963946824551
0.6361620540201773,0.003909540503638842,0.00045003147094104353,1.313197967538031e-05,0.93329022694449,0.8958274158167345,0.9899305811593012,34108996.30612645,4.3695068500522725,2.9139805757132247
0.0043097471879182305,0.013302384680652812,0.0010399463959684765,0.8615844219247009,0.9538011101520208,0.4698383424533856,0.9961534477517849,20934188.302364722,4.580891839401559,2.450878913083406
0.006026866038417376,0.001372944987909937,7.764204766387583e-05,0.013166272966745773,0.9333704983920277,0.46984436054033435,0.9924241065020379,64624350.8422187,4.793312211169404,2.610729509967316
0.7043119093376448,0.9007677881829014,0.015577601769292985,0.01800839550212724,0.41920695362660304,0.89382490303199,0.9875254312482526,37614260.315504655,3.713072778735461,3.0638498910938274
0.6460897863256225,0.9599419323425883,0.01629125301424849,0.16695491163772602,0.07550337330180909,0.9005529090665177,0.98879570226833,36844125.565648034,3.591314862449294,3.1031771041481435
0.06581466008933917,0.014702924011991803,0.013221672034395344,0.9012128473554074,0.9328995262232893,0.4656476367234797,0.9815971394429254,17559058.834868014,4.531194549097987,2.4721574819553
0.6471705463101454,0.003948333980233903,0.00833568908619562,0.03402752785422704,0.04519965516187101,0.4740790948370932,0.999756046060498,67980728.21368425,4.168684410912835,3.2529280910373757
0.8539927304717068,0.0014084052003810604,0.00042621990738778533,0.02561943543692176,0.3127994236008754,0.9090087806045584,0.9972445709250335,42127830.83599312,4.145906169050319,3.166149886667045
0.9843434504959798,0.0015648669875058204,0.008945421231685478,0.05685497240693763,0.009665499570148294,0.040495952506520216,0.9940203170093781,73312160.00059472,3.999199285281991,3.4336474476457095
0.6440806035005489,0.0025020984896451104,0.000885848026986226,0.007933850918133959,0.004730801440523976,0.0007404663685803975,0.7001137762102849,90089693.82680286,4.03966831679244,3.4632886992839897
0.978453545189837,0.030414384981729166,0.0010201796045288627,0.022478848461026574,0.0016470965890721004,0.2763273452184439,0.9817684914507439,66284522.425804764,3.9747363394148794,3.415908252947361
0.14285664256369335,0.0026705299390042646,0.0004166744263778625,0.19874638714731696,0.31468833718848443,0.9618526177325527,0.9972445709250335,49895889.28118227,4.444114043222418,2.858316520673282
0.03528958044799546,0.0011993808398635918,0.0016549326900841183,0.017531666774137755,0.9368901595501855,0.8903119310597284,0.9981120995014668,47094092.94173433,4.6574143663565994,2.6803920672434036
0.06242326614188509,0.05573678580243265,0.0005918740972745886,0.01521063306960516,0.9455419454226387,0.4801094892060188,0.9963594518285741,61374466.58372052,4.69125163032239,2.64830574120158
0.07192162503217203,0.011935768898359535,0.001102686118165665,0.01538817524360285,0.00594440733247395,0.9488655418075268,0.9586322682631402,71230251.1661909,4.430321899065539,3.0245737364482075
0.037703487896135056,0.0011054261559051144,0.00038067409274306595,0.8999362264717023,0.9285994499260017,0.29968454026696506,0.9875193885646951,25314743.409818076,4.59444857083829,2.4322494253258853
0.6720280302355722,0.013265021898129226,0.0004475515867563522,1.313197967538031e-05,0.0046240746871563845,0.0333828669372688,0.9938679598885092,87059619.5874078,4.174099832112445,3.388293055630541
0.6451497113678264,0.003528067057322644,0.0011046185028681021,0.010864692019098673,0.14923519503572863,0.034131008546854434,0.9978817316245122,83181457.09804322,4.267497244799974,3.2627430985282975
0.8539927304717068,0.0014084052003810604,0.00042621990738778533,0.02573455582680993,0.3127994236008754,0.22345422582351926,0.9981644851059641,63349573.348314404,4.187626519839015,3.2131774771910266
0.4640724855360281,0.9157894307684148,0.006609786858085047,0.16060202278534014,0.4661956627227728,0.8979245551865055,0.9912504417145741,30912821.74614745,3.7818226905424703,2.9566079692368605
0.016054649718519942,0.0006786243513433789,0.0011130775506908359,0.018313112712206987,0.2925443552753023,0.14802374807049018,0.9951166521114202,95293180.96917303,4.86151981087039,2.798948902444373
0.04784113503445453,0.9305614530134652,0.0013779717767736822,0.8439409822520821,0.040661503952298866,0.8964873949369112,0.9388440184348326,22932365.931975916,3.748030700083061,2.7734583757357214
0.007515000264535943,0.0298340855762698,0.0004488032032975699,0.017730283860329665,0.010878403025799288,0.007526736941137771,0.9936575492759241,109074565.86092775,4.877166719649996,2.9798213992001013
0.7072925463828017,0.03185299606756628,0.0007614581473684294,0.016804888741653923,0.015108413327091702,0.9741045231219483,0.9448183408744891,48524462.18811217,4.069648155836936,3.2507180152029727
0.6536870065432423,0.003528067057322644,0.0005218838613735662,0.010864692019098673,0.1317624865757025,0.047068073188116136,0.6970313198633905,84097932.0567929,4.108132626579331,3.3305600517364407
0.9901810573579088,0.0035878681866926133,0.01013448649057626,0.04065194016380995,0.0011299840865757436,0.2750250637140447,0.9918881716066972,65138253.307969466,3.989359324475376,3.405718769412384
0.007223699405403603,0.003337549829149338,8.013440426157554e-05,0.0269809982212052,0.9739571588839768,0.1662646715588678,0.9936079428269934,74353120.39137739,4.899631165818581,2.5423364084922198
0.4481682608240364,0.030971411620388162,0.00142539804325084,0.008341576846244397,0.8884172769844845,0.07062777535853483,0.9916297481191856,66486434.71817398,4.560376922929692,2.81553557416315
0.44801458143671313,0.003927208094553251,0.010571517852879301,0.3723433876687824,0.9906764710323597,0.48281306867606116,0.9911671848659239,29298529.352038566,4.456076830485114,2.719480821138207
0.0043097471879182305,0.7838163468220857,0.0010399463959684765,0.8615844219247009,0.9425636735954175,0.47408926070499546,0.9961534477517849,15075547.74293473,4.089747677143314,2.5568221723740483
0.04706417876236099,0.06384867965713892,8.617144453070165e-05,0.8984096228752023,0.9141738338339029,0.48649238020725316,0.9965841744034045,17721839.392338783,4.509538555601507,2.4817193537578865
0.0004527433536752881,0.004076941502153334,0.00013554069269989855,0.006039434184162751,0.9922935061593587,0.007399779354895247,0.9922322333279681,81215556.51104857,4.9865266452490165,2.5016475091807813
0.6138467261776261,0.00062046504763802,0.0010070101744291404,0.015196977330547335,0.269150044595813,0.29238367534015597,0.9976787581331362,70559866.99213083,4.296694814854596,3.150004632920522
0.0011770837622863128,0.0016693856593784995,0.0009602412902870077,0.052268266671720576,0.30391006350177985,0.014193454495419588,0.9937233122176626,98885461.78917348,4.9439252370933175,2.7397755557276287
0.04903748781185341,0.0035361391969407517,0.0002159653784485592,0.012038485193930169,0.03339693037251677,0.30260700980995614,0.9875142751183918,96208780.31144801,4.694617411716758,3.002438949766581
0.6679189512495727,0.024171164713393367,0.0013779717767736822,0.017557283430506235,0.040661503952298866,0.8963026498788719,0.9388440184348326,52131850.46953285,4.100697742542491,3.235160933966367
0.978453545189837,0.029678287659324957,0.0010201796045288627,0.006384223684042466,0.0016470965890721004,0.1069350072558537,0.6580519332361461,74897441.65677674,3.7866918466742634,3.54394468355784
0.003698593831726389,0.0009432345907898921,0.0007979270706912186,0.021149588129847186,0.04595063447537373,0.058209483721288424,0.9911454490684651,106306734.32314903,4.918013939089702,2.9427757847717126
0.012878407666820031,0.0013685013695289303,0.00082136660655136,0.9498736376213763,0.9293984736930008,0.2853774936398734,0.9870574259459616,24136164.460952178,4.59972608479544,2.410373364224448
0.48550324899500774,0.0014176389092117846,0.0006406746059632699,0.020127423866649397,0.9236935642133919,0.8636441363422793,0.9974752360988242,33315895.584996328,4.434790611441425,2.8606049671586993
0.015572281418870869,0.0005608825738537898,0.00016423280800532698,0.040190481769461606,0.03322573973666486,0.14802374807049018,0.9913254436334459,101870476.8945303,4.819753606553822,2.9528029223382397
0.9966235059378986,0.011787496260796716,0.01277673027682432,0.01538817524360285,0.00594440733247395,0.04636754481667932,0.9375916411282182,74976811.76581502,3.949559859597797,3.47496863038175
0.6378456622778725,0.05308927261521959,0.0004338883083959198,0.0011482235785935796,0.2789481060417007,0.9517521336244881,0.989581287861845,44365591.64144552,4.179771239383699,3.1226708387942876
0.04653411556599274,0.0013951801944157047,0.0004147815182809721,0.04336521399706961,0.04554606213196899,0.028352029806654994,0.9793405300893846,104953967.54828854,4.85133353395733,2.962625424629274
0.9620279194272576,0.0015605875128237197,0.0008144392374454602,0.005963941167157465,0.009994461414267849,0.10847521953850597,0.6585613026116228,75413403.64492057,3.829333539964338,3.540950114078266
0.03143932241427261,0.9182899909981987,0.00045042601181838023,0.8202716099180843,0.31375450344770456,0.9699025297162372,0.9899867091310329,21199718.023046695,3.8602458816993988,2.727247457844335
0.0127872523940438,0.0004963487198456082,0.0003976847629486857,0.8926146084179931,0.9494858881621825,0.28868908409692495,0.99372927820366,26308683.14380299,4.614568784029924,2.4169553105127357
0.006916425719395269,0.0013685013695289303,0.00025306424220469803,0.017523610407128805,0.9941153518968973,0.032577104684723704,0.9387953716236838,79626134.35293011,4.9654549054462604,2.4953800364094825
0.007228473965456922,0.003337549829149338,8.013440426157554e-05,0.0269809982212052,0.012095876255968445,0.1662646715588678,0.9936079428269934,102707428.81960265,4.819811131975688,2.973603960138636
0.8620763978635095,0.011454249989428615,0.00033351133441200664,0.032567293638732384,0.007312062724202343,0.038517248376112104,0.9973106819830688,78773007.78802982,4.061024090420334,3.4215611240565575
0.5555631235505609,0.004674713346299401,0.0010307328751100757,0.008310482497448923,0.9667251441247644,0.07239655441908317,0.9875874584891394,60769536.61045857,4.534354615042251,2.838036765548557
0.15567568218475747,0.024402050470310466,0.0006584546506363152,0.17425090544410587,0.05362102465832465,0.9033135326038987,0.9904230873081035,60489349.16297853,4.364084233760524,2.968356301561898
0.6440806035005489,0.003646738874473421,0.000885848026986226,0.007933850918133959,0.0023291868339824773,0.050621249027677506,0.7009758634624887,88226528.43481375,4.035562014217221,3.448737100860289
0.44088256137218873,0.002445642607058379,0.0010201578252292311,0.3723433876687824,0.9906134289935516,0.48281306867606116,0.9911671848659239,29653347.96188293,4.46748948953326,2.7186790261796094
0.015572281418870869,0.0005608825738537898,0.010205117621675877,0.040190481769461606,0.27574696919636843,0.14802374807049018,0.994882330457413,94601130.98247263,4.830554891406518,2.7908873615029592
0.4827602343532712,0.0014176389092117846,0.0006406746059632699,0.17425090544410587,0.9387646572568981,0.07437257543341957,0.997344867205147,55536863.02101599,4.542874948916747,2.7636696687143787
0.05368155689352383,0.0035878681866926133,0.01013448649057626,0.9143558158192144,0.03325885282566379,0.9876557090568413,0.9975671561095298,23790749.640388068,4.3165411050996925,2.6986683856282743
0.6471705463101454,0.0024883528051230486,0.0004023718409230581,0.01704404567277923,0.04519965516187101,0.9330748246725876,0.999756046060498,51267325.57417969,4.148197948596127,3.2209808903715254
0.6558000144206599,0.0016590253995031317,0.0009671116569530624,0.006039434184162751,0.9922935061593587,0.007399779354895247,0.9922274538473255,59286588.6275666,4.498221459358598,2.8706889753406415
0.9439701137332883,0.0026724309711921948,0.00025247552878219864,0.03738765392159224,0.024913593112187382,0.9618526177325527,0.7401064370636592,45959846.31937241,3.931837215281066,3.325107301672391
0.0004527433536752881,0.0016694235474653649,0.0009674015101483623,0.20461435575376596,0.9443536968492181,0.9220425994276544,0.7103994742992514,38464480.27178468,4.592216541015942,2.5871851905998136
0.013013990468884799,0.0013685013695289303,0.00014569675786654725,0.4975267826524874,0.9480301338660984,0.013751112226700335,0.99372927820366,56954983.743069395,4.780411717063899,2.419391855902489
0.013426951392058545,0.0013685013695289303,0.00014569675786654725,0.4975267826524874,0.9480301338660984,0.9942881669790992,0.99372927820366,19190480.790433265,4.558299377850656,2.584668922838234
0.618952723561163,3.458032849833724e-05,0.0004538621403761302,0.015196977330547335,0.269150044595813,0.008573281021670986,0.9976787581331362,81326669.86589578,4.338683544486613,3.1749449224950657
0.05360371221124269,0.0035878681866926133,8.013440426157554e-05,0.0269809982212052,0.03325885282566379,0.1662646715588678,0.9911556440066198,100538268.2079355,4.755706868330993,2.9947320532666923
0.016054649718519942,0.0006786243513433789,0.0011130775506908359,0.04022350762065819,0.2925443552753023,0.14802374807049018,0.9951107941701541,94182346.90692955,4.8488824443781695,2.7872290843487537
0.8462659815032326,0.0025191507918711172,0.0013736783472873167,0.02568561673745245,0.04519965516187101,0.23895192204284288,0.990266718392002,70913662.59419805,4.08436863636886,3.359959284503236
0.657531831849142,0.8771457675090854,0.001140439820131359,0.02200545644500189,0.41175166038972494,0.8963026498788719,0.989925162970879,35805523.01861656,3.7374276042311467,3.057740054922968
0.7088144667515603,0.9655234176039658,0.0011554678138082624,0.013549594011360319,0.01662635318370693,0.9360454908019747,0.9960109296180276,41556269.233893655,3.5520456790013433,3.1862380794841334
0.12992592427967375,0.05455778625343036,0.00010630900389749833,0.014434774678336896,0.05286231097103222,0.30471977481070134,0.987539459551224,92271512.17244262,4.51882884102959,3.0404900287136623
0.10628007811767864,0.0015643199335218078,0.0010438019149414494,0.013182718871969035,0.07455992968632409,0.008276162829704954,0.6617395023796531,105638144.1572623,4.720943430049142,3.020185424353784
0.6138467261776261,0.00062046504763802,0.00040236188914725344,0.013674359642147716,0.269150044595813,0.29238367534015597,0.9939318830589281,70658143.3667154,4.296330919318757,3.1513821060146623
0.636799236568625,0.003909540503638842,0.00045003147094104353,0.021040076384152034,0.036694273817473144,0.8958274158167345,0.9899305811593012,53122097.01070118,4.147449869053101,3.2238657443637426
0.9842901687669022,0.002542775885862602,0.00041229301445080285,0.03711117657321037,0.024670607855651887,0.08584207741017352,0.7401300477088777,73203440.91733351,3.8797867981232006,3.4917848057121237
0.007515000264535943,0.024459201368688288,0.0004488032032975699,0.0175500117284687,0.33317205762268415,0.007526736941137771,0.9936575492759241,99630660.87096006,4.917049535898695,2.7517528110583167
0.4640724855360281,0.9689542439417234,0.0011423339369007151,0.16060202278534014,0.4661956627227728,0.8979245551865055,0.9912800117105914,30498021.887068808,3.760316732829243,2.958516347568846
0.9985480241234461,0.029304939390547055,0.0004013468296574287,0.005963941167157465,0.009087203302927001,0.17582292251435444,0.6606581861876567,71374104.28947818,3.793479103102431,3.522982529987357
0.007515000264535943,0.029450559442801574,0.0004937311540711791,0.8578886847092702,0.9243010895873479,0.12890167993070178,0.9988489189539835,34861627.03242757,4.629621577868293,2.3977170701202777
0.863033157164069,0.052744280375488936,0.0004325745674240259,0.0014420808221938287,0.281487341521118,0.9517521336244881,0.9937991926937987,42765249.273717366,4.097274959745249,3.184333279279791
0.04097592982159787,0.011423677242204801,0.0011116751045596699,0.0009461024266482058,0.00594440733247395,0.04636754481667932,0.98856674855005,107631860.91752982,4.847652637243304,3.0301037694280466
0.6720280302355722,0.004347257983800372,0.00013664314977620268,1.9437809077369958e-05,0.9987864093778797,0.03330041723384465,0.9921624789396374,57845040.21721548,4.48502755816925,2.8789555689730735
0.978453545189837,0.031175940802282455,0.0010201796045288627,0.2040281164936787,0.0014999405712252667,0.2561251398408699,0.6923725727101507,58989587.45560372,3.8387872532549836,3.3565917069893683
0.01579805370016868,0.004066159520144442,0.0001544174361100384,0.002922688816973412,0.9073639062114863,0.9970878588864238,0.9937263031965772,45254466.89381412,4.642510884578923,2.693732833204046
0.6360068808509651,0.004724231950541856,0.00043836258329147125,0.001144639153114172,0.2541229066737162,0.936811944466642,0.9899343351988118,46162763.990935475,4.211720284605041,3.1347064401814415
0.04756727535865102,0.0034245356820114033,0.0006449548501637273,0.015268653371151235,0.26669411269755716,0.0007404663685803975,0.9954682747625496,100804067.9834075,4.907240656755073,2.8232523813271566
0.11797152397249933,0.00028824461487051995,5.237057999796322e-05,0.014430833769323978,0.009889409669403104,0.8990956018829008,0.711910988173785,72618464.50604196,4.343940601733499,3.0533741045978533
0.6564071899400852,0.00028824461487051995,0.0005807376829996633,0.01407411547121068,0.009889409669403104,0.8990956018829008,0.711910988173785,54603598.10938131,4.027769809752242,3.2756522850882
0.6341053924612894,0.0035361391969407517,0.00013477067880982008,0.017843851782020824,0.009185970306063213,0.30260700980995614,0.968298346698297,77115672.0927214,4.1735987558587695,3.31354920693126
0.007643269937885777,0.0016693856593784995,0.0009602412902870077,0.052268266671720576,0.30391006350177985,0.014193454495419588,0.9937881582237734,98668713.25239189,4.934782450406059,2.7457167120790116
0.6810447324788251,0.003528067057322644,0.0005218838613735662,0.010864692019098673,0.1317624865757025,0.034131008546854434,0.9978817316245122,82500891.91957568,4.236861530334222,3.289232490161145
0.8511519171963686,0.002542751901947706,0.00013472383987711382,0.01407411547121068,0.0072843118217538316,0.04703728305925488,0.711910988173785,80949069.86187758,3.9159729906207215,3.5077048174856396
0.010845813168004453,0.0009208009946084779,0.001955079545187686,0.002841423440693755,0.9749813501089133,0.22155085437003863,0.9854962363757384,158330459.25922826,4.884147856004021,2.5592942052380128
0.9944539795490553,0.0014793618321833155,0.006033145661627458,0.01318181455827086,0.00661281596466462,0.09573645185126428,0.004646819780294076,162060416.2786196,3.1104359043262537,3.863192128115817
0.016784345683149227,0.00022415546693823913,0.008638350512286298,0.9147963771197103,0.988967489419397,0.18595705975167914,0.9950251044905598,112751750.69013134,4.626764305973052,2.3905535593050455
0.00104931939786157,0.0014739023867484284,0.004955878010016174,0.0002725285845669289,0.0025214771656592388,0.10941211568919465,0.9658721673494454,191813206.9988439,4.879257765975126,2.9938275355749506
0.98947658748926,0.9841789014253244,0.0095060673338668,0.013712273014313844,0.0006449142923134008,0.9725172216012247,0.006522124642895456,119842218.36980613,3.0023109254109097,3.324406009799697
0.8908224976167926,0.9908354080547357,0.0019210409101450081,0.8735962795548244,0.992105239272566,0.8435236587056122,0.8995919726237868,52066966.43644537,3.8207270258175834,2.822154111809089
0.9889531588017241,0.7098466348502607,0.006213135771513223,0.9330881394982173,0.39171717763980923,0.9949102880585661,0.9593653934889642,59595309.17573946,3.78531902802192,2.9313686100138177
0.9943553438538549,0.0014793618321833155,0.00164998656652675,0.01521230255567995,0.027963681933513604,0.09573645185126428,0.006363014628604863,161371001.57202494,3.1544268061668355,3.8309087243113455
0.9956831288002026,0.0051183969028896215,0.002097531384396519,0.0011247358576610598,0.07536444734789088,0.5390503318414132,0.10395425104882489,143156312.14008075,3.517649936881062,3.5324548511037692
0.9953710669087392,0.0019522093554369038,0.0016376112399012314,0.01892352487093464,0.027791223303315626,0.9566976517301214,0.12469254446314054,127539060.5240326,3.6003570140633623,3.4452230360267277
0.9704858878400682,0.0003854210682554195,0.006238959015764538,0.0008438416317515313,0.016506307133785356,0.5255288118965409,0.10206974683316089,146275480.07198626,3.4666293845342433,3.5837622394795976
0.06542791642367457,0.0014494967077040705,0.008703039680088662,0.9198593708772907,0.9599435981579238,0.9569902161558355,0.9965899731412979,82019525.37320608,4.478592478263707,2.5336159980885133
0.9989522106269927,0.7351674657931725,0.006044888864847943,0.6049044003795826,0.864109447635058,0.9976604223460466,0.9607237497099798,61639449.080362186,3.8729490525265096,2.907866326069909
0.9946098653635008,0.9948981114854868,0.005957110357457333,0.8968037103645032,0.0971462072441821,0.9259850278844239,0.027427689468907057,73704693.15797274,3.2716530838540137,2.998656506706377
0.9777794419337382,0.0022435799380624974,0.006111773678854289,0.0003782223668070059,0.01398587085469366,0.3526673676929662,0.03731439320255772,153022989.12791088,3.321680682621697,3.6884695412785327
0.7457626501585382,0.00020222858878267788,0.008638350512286298,0.9323198300929583,0.9511887520222732,0.2609159813485389,0.996024160028712,85680419.66266692,4.3039161269348165,2.7056819019682163
0.9961127890447954,0.015472089986611247,0.002097531384396519,0.004782004118055207,0.0004272722850873073,0.22732876675474534,0.0066608035004871585,157456151.1808883,3.1825530550333703,3.7892256154955892
0.9634310694934353,0.0007598621230366052,0.006238959015764538,0.0008565615052767205,0.0014687016710947347,0.8332787443585847,0.03977052915961033,135346802.66858208,3.4928013677504426,3.517317454202985
0.9218834061607039,0.002512819904505369,0.0026764998398348477,0.03163880543554254,0.4076700458993154,0.9511649102304562,0.93794308436264,115166071.03576598,4.126970483391791,3.1474119466203065
0.9926342958165904,0.0009742676903288489,0.0021430516647494196,0.0044707779448601055,0.003091281810357665,0.557954820009466,0.030287005274655776,144816526.5420028,3.3933666483426252,3.6175902657911125
0.984977381119566,0.001492801980092431,0.005195565271286551,0.5468024537848206,0.9593563144046804,0.9569902161558355,0.9963329553933338,70201101.8548782,4.21507602561313,2.88174354363767
0.9997480770455527,0.6948318621049401,0.005989732289639985,0.6479745259554399,0.8985077470534057,0.9998248688513008,0.9930969259330888,58563979.78234863,3.90271199471263,2.8945178056686607
0.9839250681244893,0.0012930128340501862,0.002710429261428754,0.07044011134460836,0.02648731413990342,0.9746596886913103,0.21007514163466412,124317157.27151006,3.6671781063587816,3.3896240796419788
0.9960905372520159,0.0351483566296768,0.0019704432995309483,0.0241417128918489,0.3461001920493497,0.972797205285765,0.055956028496901164,117218081.92324227,3.725240240619368,3.256507294181804
0.9777794419337382,0.0022435799380624974,0.0061307340072600585,0.015612577181486242,0.020206155006537937,0.3526673676929662,0.03731439320255772,152067040.6318926,3.3363754368785488,3.6627905800956557
0.35520910127581484,0.0005577608825873623,0.008721236366387605,0.003414139798163428,0.0007919577469489569,0.2497920124240851,0.9511213930746747,174468799.42722198,4.368338083015182,3.2180683675475574
0.8904843571990738,0.9909833331740369,0.0011604279301913184,0.912145428992263,0.9997905841599326,0.8934119771466861,0.939258049665242,52987039.499562465,3.8337152463777238,2.8182744746136237
0.9960905372520159,0.887660240701903,0.034337681353482204,0.03716844780205274,0.06345508038720021,0.972797205285765,0.05521065862420619,116973589.5392721,3.106770305417171,3.2826414536642448
0.0399447778006819,0.0034703042848749366,0.008549432039271247,0.9582197034685948,0.9867344313422609,0.3991142861835949,0.9921811909979394,101617264.7594541,4.56517424832464,2.4352308567810854
0.7446213049515297,0.0009208009946084779,0.001955079545187686,0.03936530008156308,0.963613279881096,0.19737850084543807,0.9904999028412017,133157302.2137126,4.40966474679369,2.9114087888756957
0.9906203833351012,0.08857735739822989,0.005603754496007182,0.6434048887081758,0.02189015684395865,0.9698380341801381,0.9945101472161862,91483978.27238268,3.9562297152808052,3.086075202944333
0.010845813168004453,0.0009208009946084779,0.001992913062310472,0.002841423440693755,0.9416811407160979,0.9879746916454251,0.9855435547566795,129804204.52265848,4.651664927371945,2.680854916348642
0.35520910127581484,0.0014735561371225924,0.008721236366387605,0.003400656997716352,0.015877921161529276,0.23120128335082069,0.07051748840906502,178183810.54413947,3.578667318325415,3.4767026425930085
0.9901990840972016,0.10420696817473919,0.008126396285041776,0.023104250478558762,0.0026445874954890655,0.994160584236974,0.9840108582616132,122453809.11108464,3.9265366682946605,3.3078507652478737
0.08882693883512172,0.013544280063911451,0.005995996488005073,0.6449788312774811,0.9408730048558217,0.9931139125038777,0.9598563678200472,94409069.2918376,4.486078928027697,2.5878961147799373
0.9926065491459547,0.0009836690430216916,0.002121037262054852,0.005731377843693101,0.003091281810357665,0.1528558971931571,0.04000973768264132,160311893.612226,3.2018412381411285,3.819828980431405
0.0008137649000621913,0.0014739023867484284,0.0019441739489680697,0.00037055600142783546,0.00423014207533573,0.2585912081339163,0.9645165557121593,186059521.19881874,4.7801488251921045,2.9953479019145854
0.9007472042698152,0.0009767835287569815,0.008538714262062427,0.013451100782452659,0.016506307133785356,0.23217557183871299,0.10206974683316089,159235736.9942904,3.371342581858824,3.6765590205186798
0.35370735563071387,0.00755067080865891,0.008721236366387605,0.003393391140482316,0.027354639548564624,0.3445851644973218,0.9889991917658688,169876952.58797282,4.363315705929525,3.1811889394960398
0.0399447778006819,0.015808287916159514,0.008536052694925217,0.9855209027908749,0.9867344313422609,0.7315572805446863,0.9921811909979394,87324526.32795589,4.502696792097378,2.48385622885056
0.9945789305628523,0.7311953191890095,0.00601128125806969,0.580241300641769,0.09715756148873814,0.995448782003281,0.9451951688591573,85826741.66700198,3.6720239769746255,3.071535877410722
0.9928294048473192,0.9254377373741565,0.004962645443547284,0.09961244556650875,0.0762211275063614,0.9993600198511369,0.9925873829375083,108818808.52417442,3.56372110385251,3.19849206791891
0.9988721199385074,0.7311953191890095,0.005995996488005073,0.036557801927569245,0.07550318030932121,0.995448782003281,0.9541082036469922,113851326.75541437,3.619861906792729,3.231934974956355
0.9997480770455527,0.024857523505481927,0.005989732289639985,0.9544799021697442,0.9859518731119206,0.9940828541089999,0.9909901760764963,57496324.38183973,4.184721743912382,2.8089882358896454
0.9956831288002026,0.0051183969028896215,0.00874382781172935,0.0011247358576610598,0.10147243004387729,0.5417293757270506,0.10395425104882489,142213253.6708654,3.5346633687815876,3.503088509067052
0.09264323420400478,0.018019537211815363,0.0051690296551465675,0.0053761799020615435,0.025370162841959004,0.24711173784755064,0.991236021060131,182264095.37305686,4.63366986944131,3.0409609363889545
0.8920488991600741,0.0005960727581613779,0.006049182634162936,0.007765496323475618,0.029138432944539938,0.9581712959488758,0.1281001997118585,131419697.0436807,3.6299955324119852,3.419955765631426
0.034645357783111175,0.0009478525884042887,0.006160250943149785,0.009395469771015803,0.7374023789812316,0.22155085437003863,0.9854962363757384,164160157.54357937,4.8388646983426185,2.6400514544310316
0.010845813168004453,0.007397027035480945,0.008650229334112523,0.04602403481073891,0.9606607620623641,0.5375460975110172,0.9657492821431095,144346474.5811797,4.742437455722277,2.6040443823524235
0.02698851209987091,0.05655198466760644,0.004088007051558602,0.017296870127533726,0.3998725814149154,0.3747150598153657,0.9853029643629222,167597539.7718141,4.663286385257648,2.7885748777252326
0.02698851209987091,0.040082694170386346,0.004023600166944603,0.017296870127533726,0.39579915408184163,0.08752886447128216,0.9853029643629222,178921339.76065502,4.813026714776502,2.749437742668084
0.019746217410731015,0.003954220242873485,0.006267265828360974,0.10014139544876052,0.012620436962961779,0.999922966800109,0.9966815102056643,151384826.2380495,4.452997405628109,2.9535916877725916
0.9150269026279243,0.00010662956035040216,0.002675822717261677,0.003393391140482316,0.022757203286490585,0.2689899532398163,0.980613803430329,154292309.99955997,4.037737312714988,3.4040003411155166
0.0006662686360249317,0.0014493083154780769,0.006170828386147967,0.9123065131446275,0.9967118928370877,0.8158363825560067,0.9529167918953603,89119231.69199507,4.5246043741465565,2.4806042191624607
0.017630482427139244,0.007397027035480945,0.02375536932491118,0.04602403481073891,0.9606607620623641,0.5375460975110172,0.9657492821431095,143959580.21431193,4.721627883919252,2.6041799643514523
0.9915501883039526,0.00023022904066526996,0.002121037262054852,0.00584840544888386,0.0008571856720488435,0.1528558971931571,0.1877404881625928,159834866.9861209,3.3978131666257605,3.7327177497057042
0.9960905372520159,0.887660240701903,0.0019704432995309483,0.03716844780205274,0.06345508038720021,0.972797205285765,0.05521065862420619,117315873.08169264,3.118654481736756,3.296414083012489
0.010897902921917366,0.007397027035480945,0.00496353832035691,0.04602403481073891,0.9606607620623641,0.9660270156170545,0.9650899486540712,127889786.16619392,4.638329358620242,2.662029693848242
0.9563851366391158,0.00026082476971294594,0.004023600166944603,0.017302766113542298,0.3998725814149154,0.8301391716891596,0.9853029643629222,119447252.93838128,4.1315952976738535,3.1675972693264463
0.9928409864723864,0.0014425600280950361,0.006038622636575799,0.000435300135259979,0.002863097967678585,0.2547989745173608,0.014203441601013167,156710111.99128476,3.221500141684896,3.7728164417850363
0.8171823731890357,0.0199244007293628,0.006070601310537429,0.8727128425463578,0.992105239272566,0.8482570529283568,0.8982660404915874,62727518.3467658,4.229250117813085,2.7634522568483257
0.03454003479384226,0.0009478525884042887,0.006088107061715661,0.9088911099417989,0.7374023789812316,0.22155085437003863,0.9854962363757384,118560017.82747054,4.5783540279657355,2.4411439778064286
0.00104931939786157,0.0015675858046185357,0.004955878010016174,0.0002725285845669289,0.7273224189193377,0.2585912081339163,0.9655355092119213,164704073.0645288,4.856819495795765,2.626650549211977
0.04330707439756545,0.0014496607950772319,0.008740921994926645,0.9118207904372962,0.36394014085372073,0.9913955451246148,0.9887408630801922,99442902.8032658,4.389494987829541,2.6249481309628266
0.9831986581506748,1.7210656409250014e-05,0.003518276935784788,0.5857289850358824,0.9644976781998857,0.9904256492125336,0.9991557084411736,66868043.13725149,4.215039144113436,2.8739553811678387
0.8756212187947949,0.0025117406432679686,0.005413986209283664,0.5907588894403557,0.9851181857199638,0.8124583533442671,0.9652089483404078,76549535.00660318,4.2499012603149735,2.833454181450184
0.9007472042698152,0.007383897226008214,0.008535092064063856,0.013451100782452659,0.027338245889382832,0.3443307898551328,0.9643032911330844,151162106.01429707,4.026060908456354,3.3757233419018773
0.9535338762458084,0.0013686618944294751,0.005694372689802286,0.9198593708772907,0.9645256082171134,0.9574878653410142,0.9945340479148984,55026016.7437052,4.206670611780722,2.8047644917609866
0.017034181748271378,0.0014739023867484284,0.004955878010016174,0.0002725285845669289,0.01391748582416001,0.11085583447652805,0.9658721673494454,190886494.5589357,4.852397049719802,2.9981050387466404
0.8756212187947949,0.0025117406432679686,0.005413986209283664,0.5907588894403557,0.08023061827306699,0.8124583533442671,0.9384208886943234,103329482.50645521,4.038475897190331,3.060270097086237
0.9956831288002026,0.0013826946200299133,0.002097531384396519,0.0011247358576610598,0.0011764396845346525,0.5390503318414132,0.10395425104882489,145376482.92502582,3.4542233217691853,3.602799051617522
0.7060196293407928,0.01586579856669731,0.0058498433562398046,0.02988426824754857,0.07104452809546671,0.5328335398076373,0.9854033151566284,148173170.0930233,4.130809497372866,3.2553328876725973
0.9945690224321679,0.9948981114854868,0.006011490323911953,0.9016517411065679,0.0035688170362119936,0.8290283401257192,0.02584174607065537,79957283.31024724,3.2099792466175554,3.0221902374861456
0.8858976170084849,0.0015675858046185357,0.004955878010016174,0.00017395377612413818,0.9528017758312755,0.2582512732256313,0.9655355092119213,128449702.85641675,4.332138078274049,2.9765299179963303
0.9945789305628523,0.014332880807110537,0.006031604323357429,0.580241300641769,0.3697126230946271,0.995448782003281,0.9849487039188748,84007249.14407806,4.08094538946433,3.0097821339624873
0.9950630060941577,0.0005960727581613779,0.006049780605865482,0.5968931827763604,0.07459167154788282,0.9964601698488844,0.1281001997118585,95287875.40007997,3.712032288198917,3.1134940247445257
0.0202493483390615,0.00017478651649759926,0.008555973893896146,0.93145271375498,0.9511887520222732,0.25728395399969195,0.996024160028712,110156241.39630783,4.6033315842042875,2.408850029718596
0.8947683673489271,0.0006021544335755237,0.002097531384396519,0.0011247358576610598,0.07536444734789088,0.5390503318414132,0.10395425104882489,146575177.37317696,3.55419538544401,3.50476247678572
0.9890511401308331,0.9841789014253244,0.0095060673338668,0.04359947249577223,0.00045240977210712907,0.9725172216012247,0.007405541994242565,118343394.08576182,3.0126874954001464,3.3111350797711907
0.023350475125808734,0.01586579856669731,0.00591256475390256,0.0011426436408956738,0.06669181338230486,0.5456392797786483,0.9952236765510273,172082954.80958968,4.601640158440949,2.969527302764444
0.9967825006499971,0.0009846243358822666,0.006258981794820795,0.004468495117869784,0.019214209277967742,0.5660435594474673,0.951050815761681,140238596.33421934,3.983886892278695,3.3799275400281608
0.9760448764406258,0.0001117086758852387,0.008721236366387605,0.003393391140482316,0.027355277041867083,0.15282559881115573,0.0546584973480313,160151363.23380417,3.254607880348982,3.7657320464286492
0.9995902544612669,0.015871778234145373,0.008118778634686723,0.000686577483234552,0.020134615222131478,0.7324689841623165,0.9787553391821651,133641259.84374538,3.9823338116235374,3.3522430721019094
0.006645407866371161,0.00017762589332064548,0.0085563433572037,0.01337389375219231,0.05884096315510909,0.23102622847659493,0.9927693991099568,184487258.48303142,4.783517583882794,2.94347539616702
0.9961127890447954,0.015630767398018004,0.0050141979980152795,0.004782004118055207,0.002518817054381363,0.11185643388038005,0.9568930739097217,158083585.51560867,3.962733883966117,3.4700850391759155
0.8828298219671322,0.0015784543980861068,0.006267265828360974,0.0005912522565193618,0.9601381460697243,0.999922966800109,0.9966815102056643,99624593.28535786,4.275024897037773,2.97812717354481
0.9544742610807386,0.0014494967077040705,0.004116938529857334,0.9198593708772907,0.18590799021235105,0.8289218522119328,0.985364604446372,80094093.62703532,4.0530052714843094,2.9599468420226973
0.9218834061607039,0.002512819904505369,0.0026764998398348477,0.009788405440647893,0.7272978913471454,0.9826667683794555,0.93794308436264,105638835.42777544,4.204470345377976,3.0508040032318626
0.9901990840972016,0.10420696817473919,0.0022382443916971885,0.02246722413441799,0.0026445874954890655,0.994160584236974,0.21007514163466412,125581737.20075235,3.5742161405930415,3.413952024221603
0.02698851209987091,0.03992203511539458,0.002944413878567871,0.017296870127533726,0.37046097173543696,0.3747150598153657,0.9853029643629222,168624449.43510273,4.683880635964906,2.7998968007079057
0.8934231462180021,0.0013622069740299647,0.006258981794820795,0.004112800930987592,0.9461058019645594,0.84449186560283,0.942128231876281,105704954.65992448,4.269268830405866,2.982667271635879
0.9834844221540517,0.0007598621230366052,0.006238959015764538,0.0008565615052767205,0.0014687016710947347,0.2604123371268541,0.03977052915961033,156730753.0465736,3.2604414431915694,3.75400363877457
0.0657066696076619,0.0014493083154780769,0.006170828386147967,0.9123065131446275,0.941218786077041,0.8158363825560067,0.9529040774886794,88577531.28081198,4.490631986178481,2.514559728604521
0.9995902544612669,0.015985931733783723,0.008118778634686723,0.000686577483234552,0.373824651446375,0.9841934818021945,0.9787553391821651,113522511.99003664,4.090677256506591,3.1835560229119677
0.016784345683149227,0.003567220393841037,0.005051179713656123,0.9147963771197103,0.988967489419397,0.22693058425867174,0.9950251044905598,111182492.83826977,4.6188180786712465,2.399569258253874
0.9581622280075337,0.013658070200407803,0.008703039680088662,0.6446071658610286,0.9598788666369531,0.9567522529446844,0.9965899731412979,65987740.77242808,4.21011690516685,2.8556685549264764
0.7369228923405535,0.0015845637593479454,0.007255929912437384,0.9362795794269325,0.9520040929201755,0.84449186560283,0.942128231876281,63497490.82346973,4.257772957099317,2.737909082707401
0.9934097627770212,0.9468040340375782,0.001941588199464547,0.000573570906335084,0.017281128282218422,0.9739783783478068,0.09113386129538648,119910530.8570919,3.0802071057622054,3.3218426797866663
0.0003660222957038179,0.00017526837172109413,0.0085563433572037,0.01337389375219231,0.058306187707293386,0.25727802719186754,0.9927693991099568,183702589.80499044,4.776395266832052,2.939984299955589
0.9544742610807386,0.0014494967077040705,0.00855409361319575,0.9198593708772907,0.18590799021235105,0.9569902161558355,0.9927772117023581,75087485.72730967,4.05079679554799,2.9602371415408775
0.0013340445418300777,0.006366517040717556,0.004230471285303441,0.9607507997583318,0.9421637541343184,0.05523818921075635,0.978244355218224,202409338.67526263,4.643713997801522,2.353596039574049
0.9677637509860345,0.0024467213467241396,0.002946520234579319,0.0004528900504500912,0.008734573353790076,0.01938313010168276,0.014709169122686896,251461049.70960182,3.0603384944614294,3.940176319345112
0.029286166511582338,0.00618173366082244,0.0029475685842676727,0.0005034829184022613,0.0018920935808300343,0.015420130689690684,0.9377676106769061,279582894.62088746,4.897501028434131,3.0240875761120773
0.9963708423251634,0.9143339246236271,0.3695887864095833,0.998068830911709,0.9270518864587604,0.9981523117146291,0.996668246355006,119340337.60579053,3.7354138711072458,2.7905984696862696
0.0029823891875888353,0.000265235699492836,0.0028953819134143388,0.005221884062375124,0.16509537376562136,0.015417696710904778,0.9422428195922726,275449008.0797612,4.968181332540672,2.849901127449601
0.9179602226233925,0.9253466434535593,0.003029228308823393,0.9536949272472465,0.01662161641886245,0.9945178213460334,0.9970378222609572,154970677.95445204,3.6337403822155645,2.988481041979232
0.0013340445418300777,0.006366517040717556,0.004185279849517066,0.8792247648261042,0.945087242894653,0.9210484769150522,0.9814689969363517,173110671.01410088,4.509297562666167,2.511285806708536
0.9956302659400982,0.00034876765608660154,0.0029468703129731707,0.06021389239835112,0.009477585204225869,0.9924730211812194,0.13004884540499712,209578883.77036366,3.6062801065619765,3.421238366674214
0.025477180324786436,0.023783637738288073,0.002769510785928733,0.8691376862546352,0.7825178751093833,0.9012136214531526,0.9613583597242285,178308731.9835453,4.466958032064892,2.543233285261542
0.9581419042044458,0.0057838406984643265,0.003424787879445295,0.013003555547945515,0.14863668351044862,0.13738139038430885,0.9641741608219422,238723758.25326234,4.06108444445395,3.3555527491503683
0.05433464703570208,0.004149042837385434,0.0027728072834617866,0.9643536722659161,0.7829763656780466,0.9869553991625615,0.9995843172493293,169225175.2629585,4.451732622851948,2.553172125033801
0.9801790952156593,0.02371739967110756,0.002969212695021549,0.000616363608377502,0.003866234401856919,0.04361879182720657,0.1184904892907932,249651479.39786544,3.2234950742361717,3.8289411526475363
0.9675879756805337,0.9993123172954991,0.0029680349259735713,0.9964893412890112,0.33596328366104,0.9830797055091889,0.9992194199419916,141500715.28873396,3.690239609988001,2.9303956237638196
0.07620346026761796,0.006137679769822631,0.0030217103125274283,0.006115049602398597,0.752276203524493,0.07183983865571833,0.999834596546511,253191348.07583177,4.865387836803239,2.642268302191878
0.011447046184408116,0.039255101604355636,0.007582333308208915,0.0077085844376186315,0.7219584539298379,0.0374091830932006,0.9963892371160233,257168919.02664456,4.885536340583229,2.6015905862353006
0.9898840034070975,0.9829990281135169,0.0006984560250853525,0.0031241811890543314,0.41354046376507764,0.9817599183262496,0.23875214333862016,192031329.70844096,3.3616336955751667,3.158559746081342
0.9759179696046989,0.05992621606275682,0.002855959508366372,0.09109340895823337,0.4191372693509007,0.17475352839516878,0.9672588310855137,224269330.72377548,4.105878779415725,3.1719959509799533
0.9937212019922104,0.03911660498104172,0.024010321044334905,0.0010959055670489645,0.00700962719344513,0.5069482309525438,0.23420704625982014,230430007.0156241,3.5134521721776966,3.532418243418531
0.5323536748670791,0.05333592697377838,0.0029684079781904277,0.0012599229605971818,0.1741125364040604,0.056222523890944176,0.9676361088516515,255517234.48496854,4.277861921049493,3.1980060212587076
0.07526734348416009,0.010534931607045406,0.0029253523199730723,0.10985028548892548,0.09321763481764114,0.12530339133345147,0.9963900024619338,265308628.89870924,4.6985691199567166,2.9075154213782253
0.9944253666210608,0.00618173366082244,0.010289676721126961,0.0005034829184022613,0.8739464192816038,0.015420130689690684,0.9391959266051423,221478756.67327395,4.276684672092133,3.038622262993207
0.9671391521644142,0.0063344286252069275,0.002854902134470994,0.926930255997959,0.9271018956340067,0.06080349556665254,0.9321373113280635,172213203.6795519,4.228525374380828,2.767282827360742
0.5018936441785784,0.0060437725384659535,0.003004408880937745,0.9843629689022677,0.8571314493165761,0.9925988430256472,0.9770551268792831,150891721.69124144,4.3040650482042615,2.689362064063655
0.9956302659400982,0.7685520568458799,0.0029468703129731707,0.06021389239835112,0.009477585204225869,0.9924730211812194,0.13004884540499712,202751477.03768933,3.189312605952209,3.3118908698114002
0.9677845167023769,0.002153767000157356,0.002859028201476688,0.0015303886872764301,0.011994013066261053,0.9961820575764905,0.12360142044608463,213279618.92573,3.600107973276762,3.4517348376072294
0.9722890731528927,0.007188321715762447,0.0031515697137238455,0.026856721944862272,0.0033755986943301377,0.11533336430553072,0.12517470702761793,245957486.9776945,3.3103241707886943,3.749104944914923
0.9716529869525519,0.02371739967110756,0.0029692692346324585,0.000616363608377502,0.003376101128802448,0.45387796262803565,0.1164919365601107,234164244.99867988,3.424456587650561,3.6133973510846435
0.07620346026761796,0.005926739497064409,0.0030217103125274283,0.005126802515039441,0.16411590797419162,0.07183983865571833,0.999834596546511,270581557.24728847,4.806783130923564,2.9275596092705314
0.9692468244608266,0.023543104132493393,0.002965352808444081,0.000550788132400816,0.08955014361694615,0.12141048533809487,0.1164919365601107,244509415.6901691,3.3834059800975447,3.661888441521209
0.06372061743873161,0.005926739497064409,0.004041749496800811,0.9270143526485348,0.9212169605609989,0.5396995582212436,0.9902243096173637,183955684.30327454,4.529509306483194,2.4818559887668212
0.35923154432786975,0.002458779420672439,0.0029492892629504686,0.0007663147608477638,0.0019047888188459905,0.05900583134322801,0.13006742530050908,270043013.80309606,3.572102218919887,3.6355523676019317
0.016965484410225495,0.010534931607045406,0.0029253523199730723,0.10985028548892548,0.09890478731272237,0.12530339133345147,0.9966809030664409,267091843.13992,4.772646617707124,2.8569498030565392
0.9937001990459751,0.03916036579366578,0.003003043776756001,0.00036491686418233665,0.005938905032364314,0.1186354082855603,0.23159006988574993,245681398.5761702,3.3963643178397565,3.7069795653461615
0.08216329870159927,0.009077340090834218,0.002886297765226157,0.0073218175419839035,0.1316657256830529,0.12253804603913626,0.9981349610405477,269255531.0380802,4.756182282850386,2.9558937108902876
0.028272933040404038,0.005926739497064409,0.004041749496800811,0.9270143526485348,0.9212169605609989,0.5396995582212436,0.935000077733313,185358954.07906133,4.537909671862966,2.4573321662121064
0.9952731576611473,0.024221343698056137,0.002833460758422796,0.013718960512248832,0.7190118579231031,0.08880870902739035,0.91656452667355,222529387.96058983,4.212355752494876,3.094082693193733
0.0971190775570775,0.004149042837385434,0.002855752425355072,0.9653630697746848,0.7668981660397912,0.12462231029059946,0.9963689905956682,201427047.44654533,4.558650053214139,2.4461314070777016
0.9723532590019959,0.002547124626157641,0.002945640544864471,0.00040671526797525503,0.003376101128802448,0.11779049673881424,0.138117366632669,247194437.78001577,3.319741128564932,3.7802797274497433
0.9875192485680349,0.0019709687194422116,0.002963050821873758,0.9995907726292896,0.4093078174892931,0.9790531624440516,0.9767092810701483,147621220.68431842,4.0891943116464455,2.9026093044649404
0.9963708423251634,0.9132985517734824,0.3695887864095833,0.9977192952903758,0.8775175274742447,0.9877378985202534,0.939188022214262,121453714.82139327,3.712988133725066,2.794710022139634
0.029286166511582338,0.00618173366082244,0.03448320416912684,0.0005034829184022613,0.15428337827046307,0.0375640921137424,0.9427770944472955,273884924.0055174,4.818572314386393,2.867241999358503
0.9671391521644142,0.006377448274758099,0.002854902134470994,0.016092456904451435,0.7229002402307364,0.9908044989790946,0.9320470732766752,188607222.35331604,4.183975745936339,3.0619236370285705
0.10763735755299114,0.005986850257730547,0.0029644792424144773,0.9967784791396019,0.9204334129225566,0.07150059597489782,0.9993647966831339,196972057.43939212,4.577923103279147,2.4161887203871104
0.9937212019922104,0.03911660498104172,0.0009988661494513636,0.0019629192009487026,0.00700962719344513,0.5069482309525438,0.23420704625982014,230629395.55989876,3.5332107380350988,3.5514402283520057
0.9963704716186437,0.002550309318912295,0.002835327174108173,0.0005139919191378571,0.7190118579231031,0.08880870902739035,0.9154581536453481,223359058.5987951,4.230165852182216,3.1005336218997885
0.9499828938341754,0.0436441464210211,0.39590060274064315,0.9607507997583318,0.9421637541343184,0.9745371506056557,0.9408755854778769,130927863.12326464,4.010362605746373,2.741000415687584
0.03093971928381284,0.0007375946746887574,0.004230471285303441,0.8573625941783682,0.9421637541343184,0.014706861933049983,0.9784354031987894,208269627.4563952,4.664547475896701,2.3732475809611264
0.07278305016691838,0.009077340090834218,0.004782313563877233,0.09970837587876691,0.03373267494649618,0.9753190515343702,0.9982753540581427,234919867.21596485,4.424631875546702,2.9701686804343805
0.000390177910621764,0.0060923329108287,0.0021329362204552146,0.001878245710879231,0.42491475778650106,0.11285898972013275,0.9983465567092937,264031061.47186622,4.909354629583801,2.722920028754994
0.967445088127049,0.0436441464210211,0.003041125103089709,0.9607507997583318,0.015276997322308805,0.9745371506056557,0.9408755854778769,161821163.35453412,3.9732016006756856,2.997023781061544
0.9678118014976828,0.0024242036619063828,0.00014066613616060472,0.06363703289572475,0.008440344934829827,0.05346215343314562,0.03185551679247112,246915304.6138676,3.1730190929929822,3.7941268096752987
0.0045761561901461745,0.014112952498594455,0.0021582989092488124,0.03101016957806585,0.7821242990216506,0.9089364519177929,0.9626015850165428,221303396.50975987,4.631156775725058,2.7003472022572197
0.9605302020109607,0.8241141102206836,0.010396355087861821,0.014224983770729116,0.04750672563685038,0.9961759056468372,0.3089309842217636,203720990.6643253,3.28108784962658,3.2809728211008005
0.9605302020109607,0.8241141102206836,0.010396355087861821,0.014224983770729116,0.04750672563685038,0.9961759056468372,0.3089309842217636,203720990.6643253,3.28108784962658,3.2809728211008005
0.07456018355743468,0.00021086440055124956,0.003004408880937745,0.034416575466224786,0.8553537004829648,0.06809219796021415,0.9770401168150586,249059365.8834747,4.870185417532585,2.5934697542593814
0.07620346026761796,0.005986850257730547,0.002815896326337033,0.9409527370691698,0.9204334129225566,0.07150059597489782,0.9993647966831339,200856432.14171213,4.605181727173177,2.407409398038373
0.9677845167023769,0.002153767000157356,0.002859028201476688,0.0015303886872764301,0.011994013066261053,0.9455547346871087,0.12360142044608463,215228770.8569712,3.5902584569841265,3.462861265106728
0.9706978522077905,0.008822213814933356,0.002829173825493723,0.9594950593588599,0.7533762970241806,0.9967835678736671,0.9128745165594709,139582660.503011,4.145986514024298,2.8382144830158142
0.9949328791079667,0.03911660498104172,0.000654082029940078,0.0031241811890543314,0.008256276991737865,0.44600348715286403,0.23420704625982014,232843220.4661993,3.5180365215418967,3.56936884525646
0.9729669219071283,0.0015383102203540052,0.002945640544864471,0.11357232290350355,0.0077690206286446795,0.08647835062044562,0.23107958436221135,242157024.9968814,3.4753513332675037,3.5992020667479525
0.0760056900236489,0.0018961389171307014,0.002748796697616743,0.02952780219791462,0.44662692499056267,0.08625534363344298,0.9993503704691554,260508585.42421076,4.8284660044031495,2.754691232922783
0.09821091148243978,0.004149042837385434,0.0028603494554719404,0.9653630697746848,0.3262919453381534,0.9814120691069603,0.9995781086593581,181379980.23803648,4.359292091153832,2.6458401158155263
0.9225631967321131,0.00042290162938208795,0.0009732340387130472,0.0017909726607092426,0.0033849032478432406,0.055656903208816666,0.9698733129663043,247962913.85512674,4.024506878540859,3.468834244114601
0.9900464633399393,0.027525867500771774,0.001765447215466932,0.01602828937744194,0.7782726677865593,0.9871059771215168,0.04945607608555197,189636390.66846138,3.922496565927134,3.068058383727945
0.9675879756805337,0.02976529662296401,0.002973300449825083,0.9653164807469787,0.33525367214832036,0.9830797055091889,0.9964138069545563,151729887.56145096,4.06976053412561,2.9215128857473647
0.9759179696046989,0.015180993959566652,0.005903054136034062,0.1351725977033531,0.3517823808355838,0.9967366167872994,0.2695633616665557,195473702.62971693,3.855744271555558,3.175641745980349
0.9722337069856362,0.00633702544703802,0.002965242651301007,0.016854329105538746,0.9143209387360662,0.015419495185013565,0.9997183471728943,220041465.9887668,4.3153171546194145,3.013010642073118
0.9966835190582205,0.9132985517734824,0.3695887864095833,0.9499048022515129,0.8660181994432998,0.9962098782706181,0.939188022214262,123880255.48456728,3.708624852863301,2.8028768685511416
0.9759179696046989,0.015400476225972091,0.005903054136034062,0.13379798671401977,0.012826060976361076,0.9967366167872994,0.2695633616665557,205533453.37228358,3.6945679836712446,3.3416353323307098
0.029286166511582338,0.00618173366082244,0.0029475685842676727,0.0005034829184022613,0.15428337827046307,0.0375640921137424,0.9427770944472955,274218413.3518273,4.894313408027861,2.890546655104944
0.0020882510324249925,0.0005154549830256117,0.004230471285303441,0.8573625941783682,0.9717757849974733,0.06324067006114889,0.9784354031987894,206496100.46369052,4.6736858227214055,2.3636191088429084
0.9759179696046989,0.015180993959566652,0.005903054136034062,0.1351725977033531,0.417301749454431,0.9967366167872994,0.2695633616665557,193542273.5420441,3.882369579721191,3.1482861269513216
0.9671391521644142,0.03278100942223082,0.002948099714496234,0.9891888703001314,0.028440063496991463,0.9981875733393683,0.9321373113280635,159222802.87304887,3.9802522123149013,2.9864742374451914
0.0045761561901461745,0.014112952498594455,0.0021582989092488124,0.03101016957806585,0.9434960814104616,0.9089364519177929,0.9975252433045915,216409478.29337156,4.656107447777534,2.665006806021729
0.09646641858485434,0.004227488735420894,0.0028603494554719404,0.9653630697746848,0.33654997902282346,0.9829457308551692,0.9995616712661956,181076314.85375252,4.361711541865748,2.6433541912447365
0.9963704716186437,0.0026659160749349722,0.000981915155148763,0.001935351607373825,0.008379261619809453,0.08880870902739035,0.8960048762975601,244330373.86317053,3.950238242609386,3.493735143030678
0.088566591529124,0.024244954047473125,0.002734301038028963,0.013543441925551014,0.0017194915803273592,0.015420130689690684,0.9389878089294112,276779024.86851925,4.735504885145089,3.0650278932323767
0.9963708423251634,0.11778119852438179,0.004751547343011864,0.9977192952903758,0.8775175274742447,0.9877378985202534,0.9605208859270391,132298417.07548775,4.1207110263161395,2.8212168841796372
0.14140887314968326,0.004149042837385434,0.002855752425355072,0.9653630697746848,0.7679866395899411,0.12462231029059946,0.9957006198415703,199914713.5729764,4.535717041685059,2.468770573171502
0.000390177910621764,0.00017314484633220676,0.0021329362204552146,0.001878245710879231,0.42491475778650106,0.08914432309201055,0.9983465567092937,264996682.92097217,4.934922570788321,2.717507335880986
0.9671391521644142,0.022301823173370715,0.005825472898646489,0.08967921617798866,0.4172669855813709,0.9963053655300355,0.9600712052098854,193391497.1509899,4.102337809983551,3.131373646451647
0.07595803309320678,0.0018115112888006338,0.002748796697616743,0.02952780219791462,0.44718416686599305,0.08903961341581962,0.9993503704691554,260387311.9733888,4.827320793994487,2.754802043866063
0.9963708423251634,0.9209683679551457,0.03453106187550084,0.9995960794901301,0.8775175274742447,0.9877378985202534,0.9762224373155768,124688479.121551,3.8181184388973723,2.8420019609110523
0.007718127359909288,0.008466135965519189,0.002201985620676593,0.9594950593588599,0.04065425493567586,0.9995431453085291,0.9547472685854699,192573776.93047914,4.32506011465907,2.665425026488103
0.9977164853639544,0.02279980635722157,0.002931625481858146,0.0005034829184022613,0.0005571461983455116,0.8770398706405663,0.018301297145170814,217482103.45390892,3.463332521223601,3.5176052185044786
0.9977164853639544,0.02279980635722157,0.002931625481858146,0.0005034829184022613,0.0005571461983455116,0.8770398706405663,0.018301297145170814,217482103.45390892,3.463332521223601,3.5176052185044786
0.9997216058218015,0.05644511690363069,0.002277011995830809,0.07715553546863801,0.3510357594988994,0.9963763773942319,0.26642728669043525,197337978.85642278,3.8182527879006556,3.2070434595059694
0.989982454122345,0.9869344750835299,0.0027323766763013768,0.9544722875584724,0.012789141038750465,0.8972722676398194,0.0536270793651189,159530201.2732657,3.25524849170366,3.0051281741364906
0.9602220461805874,0.009021682683219179,0.005903054136034062,0.1354424137105975,0.42520688307786697,0.9967366167872994,0.3126707973699577,193706861.22031027,3.9113617567573202,3.1383625797219055
0.9692468244608266,0.023558563682925488,0.002965352808444081,0.000550788132400816,0.08955014361694615,0.12141048533809487,0.12920233775147527,244459461.1469852,3.398764311441189,3.655586011407033
0.09821091148243978,0.0334747052422844,0.002860238063828692,0.9808966203540216,0.33654997902282346,0.9814527920432229,0.999758076618027,180027131.36706194,4.339457686586024,2.644036250975066
0.35923154432786975,0.002458779420672439,0.0028972101935236137,0.06712290576505353,0.024251615476291344,0.05900583134322801,0.9966054531877144,262624219.7125127,4.43061988988953,3.1752874345766586
0.9640122425214989,0.002884219333233819,0.002967188606115349,0.0004528900504500912,0.008734573353790076,0.9702772487244693,0.9742943732672273,211212125.3170174,4.002501652532359,3.3255746984168244
0.9913846015201193,0.00017314484633220676,0.0021329362204552146,0.001878245710879231,0.41095633006946775,0.013473017161039838,0.9984920580007102,235141450.6257469,4.1709544250330675,3.2383375618782075
0.9722337069856362,0.00370436585817999,0.0041811725540667425,0.9709276429828142,0.9225959822279886,0.981155142373435,0.9981428848556839,134261902.79047745,4.192199761527926,2.8092968551931943
0.9722337069856362,0.0019942018176184986,0.002945640544864471,0.11357232290350355,0.003376101128802448,0.11779049673881424,0.23107958436221135,241101502.17924598,3.4818698385083877,3.590675215266352
0.9678118014976828,0.0024313919156734674,0.002946520234579319,0.0005034549292229271,0.0015681338217582996,0.03604613290513631,0.03185551679247112,250959542.20775095,3.0939632458338076,3.9229561791636898
0.9568085879740378,0.0024799950896886424,0.003036688707397723,0.0012365091283983998,0.3582956537407983,0.03542018564159415,0.9904958654071045,237040312.06900156,4.162259930909771,3.2531077806354256
0.0029823891875888353,0.000265235699492836,0.0028953819134143388,0.008106698076626992,0.02467806528666855,0.015417696710904778,0.9422428195922726,279442074.74156255,4.960895560854334,2.9671903066360144
0.992268518582994,9.546623777573551e-05,0.0029634131914677096,0.0004655694704328757,0.005938905032364314,0.1186354082855603,0.23159006988574993,246071837.9708568,3.4372179698293706,3.7270204421683437
